[
  {
    "id_product": 1,
    "product_name": "Куртка",
    "price": 1600
  },
  {
    "id_product": 2,
    "product_name": "Пиджак",
    "price": 3000
  },
  {
    "id_product": 3,
    "product_name": "Ветровка",
    "price": 1900
  },
  {
    "id_product": 4,
    "product_name": "Футболка",
    "price": 1100
  },
  {
    "id_product": 5,
    "product_name": "Жакет",
    "price": 1700
  },
  {
    "id_product": 6,
    "product_name": "Жилет",
    "price": 1100
  },
  {
    "id_product": 7,
    "product_name": "Пиджак",
    "price": 2000
  },
  {
    "id_product": 8,
    "product_name": "Куртка",
    "price": 3000
  },
  {
    "id_product": 9,
    "product_name": "Футболка",
    "price": 1000
  }
]