{
    "amount": 0,
    "countGoods": 0,
    "contents": [
        {
            "quantity": 14,
            "id_product": 3,
            "product_name": "Ветровка",
            "price": 1900,
            "imgPath": "img/products/product3.jpg"
        },
        {
            "quantity": 15,
            "id_product": 2,
            "product_name": "Пиджак",
            "price": 3000,
            "imgPath": "img/products/product2.jpg"
        },
        {
            "quantity": 6,
            "id_product": 1,
            "product_name": "Куртка",
            "price": 1600,
            "imgPath": "img/products/product1.jpg"
        },
        {
            "quantity": 2,
            "id_product": 5,
            "product_name": "Жакет",
            "price": 1700,
            "imgPath": "img/products/product5.jpg"
        },
        {
            "quantity": 3,
            "id_product": 9,
            "product_name": "Футболка",
            "price": 1000,
            "imgPath": "img/products/product9.jpg"
        },
        {
            "quantity": 1,
            "id_product": 3,
            "product_name": "Ветровка",
            "price": 1900,
            "imgPath": "img/products/product3.jpg"
        },
        {
            "quantity": 1,
            "id_product": 9,
            "product_name": "Футболка",
            "price": 1000,
            "imgPath": "img/products/product9.jpg"
        },
        {
            "quantity": 1,
            "id_product": 2,
            "product_name": "Пиджак",
            "price": 3000,
            "imgPath": "img/products/product2.jpg"
        },
        {
            "quantity": 1,
            "id_product": 3,
            "product_name": "Ветровка",
            "price": 1900,
            "imgPath": "img/products/product3.jpg"
        },
        {
            "quantity": 1,
            "id_product": 1,
            "product_name": "Куртка",
            "price": 1600,
            "imgPath": "img/products/product1.jpg"
        },
        {
            "quantity": 1,
            "id_product": 2,
            "product_name": "Пиджак",
            "price": 3000,
            "imgPath": "img/products/product2.jpg"
        },
        {
            "quantity": 1,
            "id_product": 3,
            "product_name": "Ветровка",
            "price": 1900,
            "imgPath": "img/products/product3.jpg"
        },
        {
            "quantity": 2,
            "id_product": 6,
            "product_name": "Жилет",
            "price": 1100,
            "imgPath": "img/products/product6.jpg"
        },
        {
            "quantity": 1,
            "id_product": 1,
            "product_name": "Куртка",
            "price": 1600,
            "imgPath": "img/products/product1.jpg"
        },
        {
            "quantity": 2,
            "id_product": 4,
            "product_name": "Футболка",
            "price": 1100,
            "imgPath": "img/products/product4.jpg"
        }
    ]
}